District,Households_Rural,Households_Rural_Livable,Households_Rural_Dilapidated,Households_Rural_Toilet_Premise,Households_Urban,Households_Urban_Livable,Households_Urban_Dilapidated,Households_Urban_Toilet_Premise
Kupwara,158438,92052,13150,77476,23226,11496,1114,16304
Badgam,160649,74380,6265,133820,27190,9190,706,24579
Leh(Ladakh),36920,19013,775,32526,17474,9540,192,16740
Kargil,40370,29591,1412,39078,7774,5348,93,7579
Punch,132139,78622,3171,18103,15269,4168,122,11497
Rajouri,196070,103721,5293,19999,17508,3256,297,14969
Kathua,181374,66564,6348,25755,33473,9037,1037,22460
Baramula,210543,97060,11158,156433,48932,16636,2446,45262
Bandipore,80521,43239,5958,56445,17555,5442,754,16554
Srinagar,4518,1734,284,4007,257721,59791,5669,252824
Ganderbal,63788,30235,6059,44332,13558,2982,610,12378
Pulwama,147520,63433,6785,92495,21703,9202,651,19771
Shupiyan,75616,25104,4461,44613,5272,1813,173,4997
Anantnag,207067,89660,10560,105190,70666,20139,2190,53352
Kulgam,95952,47016,4509,40011,25178,10574,1057,14729
Doda,122267,73360,1956,29344,11350,2689,329,10600
Ramban,84281,43404,1769,15002,5341,1030,128,4417
Kishtwar,72378,37636,2460,14475,5993,809,41,5597
Udhampur,148664,66452,2973,11001,34696,5898,624,26056
Reasi,95572,52469,1433,8601,12261,4843,134,9661
Jammu,254566,97753,12473,62623,248043,56057,8433,210588
Samba,94247,28745,3110,24504,19989,3558,219,14132
Chamba,186395,70830,4287,90960,13836,2573,96,12037
Kangra,588321,148845,8236,378878,39007,7411,624,32102
Kullu,167995,46198,2015,91053,20709,3189,269,18762
Mandi,431129,120716,6898,353525,31696,5483,221,29160
Hamirpur,196116,42361,1961,174739,15232,2619,91,14059
Hamirpur,196116,42361,1961,174739,55300,9511,331,51041
Hamirpur,196116,42361,1961,174739,15232,5651,243,10464
Hamirpur,196116,42361,1961,174739,55300,20516,884,37991
Hamirpur,256081,55313,2560,228168,15232,2619,91,14059
Hamirpur,256081,55313,2560,228168,55300,9511,331,51041
Hamirpur,256081,55313,2560,228168,15232,5651,243,10464
Hamirpur,256081,55313,2560,228168,55300,20516,884,37991
Hamirpur,196116,99038,2941,49029,15232,2619,91,14059
Hamirpur,196116,99038,2941,49029,55300,9511,331,51041
Hamirpur,196116,99038,2941,49029,15232,5651,243,10464
Hamirpur,196116,99038,2941,49029,55300,20516,884,37991
Hamirpur,256081,129320,3841,64020,15232,2619,91,14059
Hamirpur,256081,129320,3841,64020,55300,9511,331,51041
Hamirpur,256081,129320,3841,64020,15232,5651,243,10464
Hamirpur,256081,129320,3841,64020,55300,20516,884,37991
Una,185091,46828,2591,108833,20126,4910,966,15013
Bilaspur,152458,41011,1981,104891,11987,2025,95,11207
Bilaspur,152458,41011,1981,104891,188174,31801,1505,175942
Bilaspur,152458,41011,1981,104891,11987,4327,371,7875
Bilaspur,152458,41011,1981,104891,188174,67930,5833,123630
Bilaspur,549632,147851,7145,378146,11987,2025,95,11207
Bilaspur,549632,147851,7145,378146,188174,31801,1505,175942
Bilaspur,549632,147851,7145,378146,11987,4327,371,7875
Bilaspur,549632,147851,7145,378146,188174,67930,5833,123630
Bilaspur,152458,90102,7927,25308,11987,2025,95,11207
Bilaspur,152458,90102,7927,25308,188174,31801,1505,175942
Bilaspur,152458,90102,7927,25308,11987,4327,371,7875
Bilaspur,152458,90102,7927,25308,188174,67930,5833,123630
Bilaspur,549632,324832,28580,91238,11987,2025,95,11207
Bilaspur,549632,324832,28580,91238,188174,31801,1505,175942
Bilaspur,549632,324832,28580,91238,11987,4327,371,7875
Bilaspur,549632,324832,28580,91238,188174,67930,5833,123630
Solan,192787,47232,3662,133023,51509,9632,721,46255
Sirmaur,171102,52870,4790,97357,21054,4147,210,20232
Shimla,279269,68141,6423,167002,95896,17357,1246,86977
Gurdaspur,420860,207904,37877,210850,185488,76235,9645,158777
Kapurthala,165433,68489,10091,128045,95770,30646,3926,90119
Jalandhar,330339,154268,20481,251057,377791,143938,18133,361923
Hoshiarpur,422673,173295,27473,240923,128592,44107,6301,114318
Shahid Bhagat Singh Nagar,183168,73450,9891,122356,48383,17417,3144,41173
Fatehgarh Sahib,117559,45965,7523,96986,57337,20239,2580,53839
Ludhiana,395032,178159,28047,345653,641789,262491,31447,621893
Moga,214295,96861,15857,183007,74144,25802,4967,70214
Firozpur,348522,177397,37640,232115,153868,63239,10924,139558
Muktsar,149507,78939,15997,108093,74650,30083,6793,67035
Faridkot,99946,48973,7695,80056,58917,23802,4772,54674
Bathinda,218159,111479,16143,183908,137563,44570,7428,128071
Mansa,145603,67705,10483,91584,50786,17318,2996,43168
Patiala,299279,143653,21248,231342,218090,70224,9159,211329
Amritsar,275477,152063,21487,167490,385476,163827,20815,360034
Tarn Taran,222717,124053,18040,144320,44457,19383,3156,38988
Rupnagar,148162,52745,8889,84304,60537,16708,3026,55512
Sahibzada Ajit Singh Nagar,117293,50670,8562,71196,174042,41247,6613,160814
Sangrur,292156,133515,17821,229634,156788,53935,7369,144244
Barnala,102577,50980,6667,82266,54222,22231,3199,48908
Chandigarh,8911,4179,249,7841,289456,76995,10130,253563
Uttarkashi,112148,30279,3364,44298,9061,1440,72,8290
Chamoli,163434,42983,4085,76813,22906,2657,206,20042
Rudraprayag,112705,22315,2141,57479,4454,432,13,4079
Tehri Garhwal,227059,62668,6357,113756,27177,2880,190,26062
Dehradun,228245,60941,8901,170270,269393,54956,6465,256462
Garhwal,279682,70200,5034,135086,36780,5296,404,34830
Pithoragarh,183687,46656,4224,88169,26256,2599,131,25337
Bageshwar,96031,24103,2784,51376,3880,353,34,3492
Almora,260056,62673,4420,134188,21082,3056,274,19374
Champawat,85202,34336,5112,34421,12839,3607,757,10258
Nainital,193086,61208,9847,134001,105577,20904,3167,100086
Udham Singh Nagar,269406,123657,18050,153292,145253,52872,5810,133632
Hardwar,301828,145782,15996,151517,186183,47104,4096,172405
Panchkula,70895,24955,3473,31193,93656,21259,4401,82042
Ambala,175365,77511,7540,89611,139891,39729,4616,124922
Yamunanagar,214464,101012,13725,98653,143259,48564,5730,131655
Kurukshetra,203553,93634,8752,140655,88268,26127,3089,81559
Kaithal,231091,112079,11092,133339,75696,27931,3103,62600
Karnal,292682,139023,14341,200779,135920,39824,3533,124502
Panipat,173502,82586,7287,115725,153804,59983,4460,145959
Sonipat,283858,142496,13341,159528,133576,47553,4541,123157
Jind,278335,142229,13916,142785,89665,30396,2510,78546
Fatehabad,203020,94201,11572,148001,55360,18711,2712,50322
Sirsa,245476,102363,14483,214791,93316,30794,3825,89490
Hisar,302013,140436,16610,188758,154113,49624,5085,137931
Bhiwani,357047,163884,18923,175667,99235,41281,4366,86135
Rohtak,175203,86375,8234,102318,131739,43869,3556,121331
Jhajjar,211816,95529,10378,123912,78328,32036,3524,71826
Mahendragarh,223726,94188,6935,87253,44216,16448,1238,34134
Rewari,199449,83170,6581,99325,69305,21484,1663,60849
Gurgaon,141703,55689,4534,92957,381988,104664,14897,350282
Mewat,187398,109440,16865,33356,36237,14929,1739,22648
Faridabad,87700,37886,3771,51392,382981,149745,9191,341619
Palwal,186069,95081,11722,59728,63090,22838,2271,52238
North West,67592,31497,3041,43326,959275,329990,31656,824017
North,4512,1141,40,4421,296559,110023,10379,266606
North East,5326,1938,149,5059,482255,171682,9645,458624
East,1086,72,13,1065,461132,111593,8761,430697
West,1809,873,32,1575,699703,201514,19591,629032
South West,41179,14618,1358,36113,606503,168001,15769,553130
South,2918,1205,134,2643,728145,220627,21116,640767
Ganganagar,397697,167430,9942,323327,164897,53096,5441,154343
Hanumangarh,389059,143173,9337,320195,108694,34999,3369,102063
Bikaner,335754,169891,16451,99047,196179,53556,3335,181661
Churu,344897,135199,20004,162101,148996,45294,3277,130371
Jhunjhunun,500452,122110,12010,228706,150357,38190,2706,124044
Alwar,782294,309006,28162,115779,212967,61334,3407,168882
Bharatpur,0,0,0,0,129697,54472,3112,90139
Dhaulpur,214670,125367,14168,10304,58626,23333,2051,36817
Karauli,305047,190349,17082,25013,59308,24612,1838,37008
Sawai Madhopur,282057,155695,12410,24821,71264,24799,1852,51452
Dausa,361084,170070,19137,33580,59610,15975,834,45899
Jaipur,754841,321562,31703,166065,977838,264994,11734,886899
Sikar,527560,165653,14771,212079,178274,47955,2852,150998
Nagaur,675712,313530,42569,179063,166489,53276,3995,134190
Jodhpur,584215,289186,30379,80037,307442,79320,5226,277005
Jaisalmer,159117,89264,5091,26572,30830,12455,524,20501
Barmer,542825,322438,28769,52654,55980,16234,1399,46351
Jalor,419216,218411,35214,47371,48202,17593,1928,29837
Sirohi,238535,121175,16458,38642,69639,18663,1323,47493
Pali,512909,256967,27697,95913,139808,46416,3495,96607
Ajmer,409335,204258,13917,57716,274919,76702,3024,236980
Tonk,298911,161710,5679,20624,81755,29677,2043,53713
Bundi,239836,135027,8154,19906,63452,21319,1269,40736
Bhilwara,530015,294158,19080,55651,145865,43905,1896,108961
Rajsamand,304622,166323,12794,34422,61054,18865,610,43592
Dungarpur,322816,200468,20014,29376,31547,8076,662,23376
Banswara,390437,267839,35529,26940,39407,9260,906,32510
Chittaurgarh,366780,201362,13204,35210,88873,23817,1599,64432
Kota,203454,94199,5696,25024,311735,91338,5922,239412
Baran,249184,126336,7724,18688,69804,24361,1396,39997
Jhalawar,298624,178278,12840,21500,63763,19128,1339,42657
Udaipur,665449,399934,25287,61886,182769,40209,2193,157546
Pratapgarh,209813,132601,5245,13008,24269,5824,339,17012
Pratapgarh,209813,132601,5245,13008,41701,10008,583,29232
Pratapgarh,209813,132601,5245,13008,24269,7693,728,15556
Pratapgarh,209813,132601,5245,13008,41701,13219,1251,26730
Pratapgarh,711085,449405,17777,44087,24269,5824,339,17012
Pratapgarh,711085,449405,17777,44087,41701,10008,583,29232
Pratapgarh,711085,449405,17777,44087,24269,7693,728,15556
Pratapgarh,711085,449405,17777,44087,41701,13219,1251,26730
Pratapgarh,209813,93786,13218,23708,24269,5824,339,17012
Pratapgarh,209813,93786,13218,23708,41701,10008,583,29232
Pratapgarh,209813,93786,13218,23708,24269,7693,728,15556
Pratapgarh,209813,93786,13218,23708,41701,13219,1251,26730
Pratapgarh,711085,317854,44798,80352,24269,5824,339,17012
Pratapgarh,711085,317854,44798,80352,41701,10008,583,29232
Pratapgarh,711085,317854,44798,80352,24269,7693,728,15556
Pratapgarh,711085,317854,44798,80352,41701,13219,1251,26730
Saharanpur,605082,281363,34489,259580,284156,105990,8808,261423
Muzaffarnagar,673746,338220,30992,369886,296104,118441,9475,274192
Bijnor,683875,359718,37613,344673,224648,95924,7188,207574
Moradabad,692398,439672,41543,330966,355518,164249,11376,332764
Rampur,396775,257506,24600,223781,143217,69460,5585,135053
Jyotiba Phule Nagar,335888,203212,19817,135362,115486,58551,4619,106247
Meerut,381520,190378,15642,202587,422303,151606,8868,392319
Baghpat,246055,128686,7873,144680,69991,32545,2169,60542
Ghaziabad,355407,180191,12794,212533,836316,285183,15053,792827
Gautam Buddha Nagar,170835,72263,4100,88321,338935,95240,4406,310125
Bulandshahr,658449,370706,28313,203460,221628,95964,6205,188383
Aligarh,582117,330060,25031,124573,275942,116999,7450,232895
Mahamaya Nagar,288150,158770,12102,47544,84883,39385,2716,61709
Mathura,407488,217191,16299,79867,177802,72009,4089,144375
Agra,496971,262897,21369,82497,406852,155417,7730,333618
Firozabad,349747,201454,23433,39871,185621,96708,7424,152394
Mainpuri,338475,180745,25385,45694,72783,30277,3202,54878
Budaun,710956,464965,57587,149300,156668,81154,9870,121417
Bareilly,631613,397916,48634,282962,362798,169063,14511,334862
Pilibhit,371752,233088,34201,131971,89638,40874,7529,79598
Shahjahanpur,520289,319977,62434,140478,134714,66952,11046,115719
Kheri,754938,483160,83798,138153,107672,49313,9582,82046
Sitapur,827583,512273,100137,98482,111319,47199,9462,80149
Hardoi,786613,490059,65288,136870,121064,56173,7990,89587
Unnao,596317,351827,43531,94218,121039,53499,6172,86784
Lucknow,344155,196856,28564,73993,717566,223163,29420,629305
Rae Bareli,705025,390583,54991,94473,73393,25027,3816,52182
Farrukhabad,316647,188721,27231,75678,94843,43343,4457,77486
Kannauj,299785,174774,26381,65053,65985,28571,3893,49884
Etawah,265643,145306,20720,52597,85483,34620,3590,71292
Auraiya,255836,141221,23025,52190,58438,22557,2337,43945
Kanpur Dehat,363933,206713,30570,83704,41323,16322,2438,27397
Kanpur Nagar,364869,214542,25175,86109,684906,265058,32875,583539
Jalaun,304856,174682,8840,86274,91565,37633,3204,69223
Jhansi,309592,146746,6191,64085,195321,64260,3711,139849
Lalitpur,258013,136230,6966,30961,43819,15862,1139,27562
Mahoba,198298,100537,3371,35297,48525,23631,776,26543
Banda,378056,199991,4158,75611,67569,23784,1148,49663
Chitrakoot,207237,108799,3730,24453,23558,11001,636,13828
Fatehpur,558807,320755,31851,102261,77733,31792,3342,56045
Kaushambi,349856,193120,15393,48280,30764,13197,1353,15812
Allahabad,983266,479833,45230,153389,265304,80917,7693,222855
Bara Banki,635840,323642,75664,83930,79068,31231,6957,53608
Faizabad,510378,262334,47465,74004,79288,28622,3885,60417
Ambedkar Nagar,501559,232723,49654,69716,65031,27313,6373,35376
Sultanpur,839737,418189,72217,110005,49891,14817,2195,36370
Bahraich,698520,430986,60072,73344,61742,25931,3519,49084
Shrawasti,248770,139808,16916,25872,8504,3189,850,5357
Balrampur,410070,232509,27474,41827,35768,14486,1466,25717
Gonda,673578,344198,76114,53212,52794,17158,2322,40704
Siddharthnagar,480165,215113,31690,49937,33348,11805,1734,15640
Basti,513960,207125,51396,67328,31065,11090,2112,22397
Sant Kabir Nagar,324972,141037,33147,39971,27179,10300,1739,13507
Mahrajganj,573046,294545,50428,95698,34033,13374,1973,19875
Gorakhpur,761958,356596,67814,141724,189170,59777,6999,152092
Kushinagar,742324,414959,63097,109863,42775,16553,4020,26648
Deoria,597778,277966,50811,99828,67928,22823,4483,42387
Azamgarh,891024,430364,80192,149692,80434,30082,3860,51960
Mau,352207,166241,35572,61988,99321,43800,6753,63068
Ballia,564927,269470,72310,125413,64454,23267,5994,39316
Jaunpur,926088,426926,66678,142617,80582,35858,3545,57857
Ghazipur,700173,358488,72817,130232,61467,23603,4487,40260
Chandauli,344937,169019,23455,64848,50822,18702,2337,35168
Varanasi,438935,208933,29408,118951,316129,113174,11064,281354
Sant Ravidas Nagar (Bhadohi),293510,140004,18197,36982,45997,20238,2621,25574
Mirzapur,465152,240018,22327,89309,77963,31730,2728,53404
Sonbhadra,337048,188072,6066,46175,91040,31317,4278,64365
Etah,334246,189183,23397,30750,67752,29404,2100,53049
Kanshiram Nagar,271234,166808,24139,30378,72490,36317,3189,55744
Pashchim Champaran,839514,531412,41136,96544,96620,50145,7149,52078
Purba Champaran,1142260,639665,63966,177050,101565,43571,5789,54845
Sheohar,158484,94456,5388,31379,7516,3382,601,2773
Sitamarhi,807294,473881,50052,150963,49670,20762,3228,30050
Madhubani,1047552,532156,49234,181226,41234,17606,2927,22884
Supaul,572287,355390,28042,52078,27815,14408,2169,13017
Araria,659061,424435,24385,44157,44213,21443,2829,24007
Kishanganj,401793,249915,14062,24911,43357,20117,3425,22502
Purnia,712847,464063,36355,61304,85749,39530,8317,50677
Katihar,668232,414303,33411,84865,69838,29541,4958,47839
Madhepura,486278,311217,30149,54949,24000,11016,2088,12312
Saharsa,432651,278194,28554,54081,38046,16397,2815,25719
Darbhanga,907174,478987,73481,189599,95539,38215,8598,64011
Muzaffarpur,998694,603211,83890,218713,120700,43693,8207,93059
Gopalganj,515925,273956,41274,93382,38133,15100,2326,19371
Siwan,632514,294751,51866,127767,41858,14399,2553,29886
Saran,701323,360480,61015,124835,76299,31664,6027,45016
Vaishali,699317,397911,86015,174829,51494,22966,5458,31926
Samastipur,1012979,599683,98258,172206,43486,16785,2826,30527
Begusarai,594377,339389,68947,151566,139248,60572,13646,80346
Khagaria,373696,219733,33258,81092,21007,9936,1512,13927
Bhagalpur,522527,307245,45982,131154,130634,55911,10058,93664
Banka,425604,257490,28941,47242,18492,8672,943,8284
Munger,222281,130256,17560,58015,85782,33626,5747,63650
Lakhisarai,175882,103594,13542,47136,31763,16612,2668,19566
Sheikhpura,108293,64975,10179,26315,24345,10882,1801,12708
Nalanda,514141,306428,48843,117224,102522,42854,7279,75456
Patna,657991,384266,59877,181605,552103,171151,28709,477569
Bhojpur,434559,251175,37806,89084,77368,31798,6344,53074
Buxar,299252,169975,31421,59850,35405,14020,3115,23792
Kaimur (Bhabua),325143,196061,21134,47145,15299,5125,703,10739
Rohtas,512383,295644,32792,108112,95678,39993,5645,65443
Aurangabad,428291,247552,28267,73666,49006,20141,2646,33324
Aurangabad,428291,247552,28267,73666,427343,175637,23076,290593
Aurangabad,428291,247552,28267,73666,49006,11075,686,42831
Aurangabad,428291,247552,28267,73666,427343,96579,5982,373497
Aurangabad,551789,318934,36418,94907,49006,20141,2646,33324
Aurangabad,551789,318934,36418,94907,427343,175637,23076,290593
Aurangabad,551789,318934,36418,94907,49006,11075,686,42831
Aurangabad,551789,318934,36418,94907,427343,96579,5982,373497
Aurangabad,428291,170031,34263,84801,49006,20141,2646,33324
Aurangabad,428291,170031,34263,84801,427343,175637,23076,290593
Aurangabad,428291,170031,34263,84801,49006,11075,686,42831
Aurangabad,428291,170031,34263,84801,427343,96579,5982,373497
Aurangabad,551789,219060,44143,109254,49006,20141,2646,33324
Aurangabad,551789,219060,44143,109254,427343,175637,23076,290593
Aurangabad,551789,219060,44143,109254,49006,11075,686,42831
Aurangabad,551789,219060,44143,109254,427343,96579,5982,373497
Gaya,696289,437269,55006,114887,111282,40061,5230,86577
Nawada,379551,236460,39093,65662,45323,17993,2900,31408
Jamui,325909,209233,26072,38783,30851,15086,2622,15086
Jehanabad,186660,114235,16986,41625,28132,11027,1941,19045
Arwal,134334,83152,10478,30225,9960,5149,607,3884
North  District,11543,5228,427,8657,2066,419,37,2010
West District,32091,16558,2535,26988,1886,290,124,1684
South District,31135,14104,1836,26433,8163,1248,73,7991
East District,40626,16900,3046,34857,41512,7638,705,39394
Tawang,10730,5032,439,7446,2452,613,14,2390
West Kameng,17889,8640,447,6958,0,0,0,0
East Kameng,14503,8440,377,3190,5215,2466,130,3337
Papum Pare,20308,8996,812,11128,30180,9476,1056,27675
Upper Subansiri,14542,9146,363,5002,4672,1798,56,3975
West Siang,22272,9176,178,15835,8503,2550,178,8128
East Siang,19497,5459,292,9241,9524,5371,409,8638
Upper Siang,8569,2502,34,4824,2182,1036,24,1749
Changlang,33422,16644,568,21824,6498,2488,51,5932
Tirap,18420,7975,184,15767,6500,3068,97,5973
Lower Subansiri,18112,7281,271,12334,5365,1314,37,5284
Kurung Kumey,18603,8315,2325,4371,1092,542,55,880
Dibang Valley,2055,1021,147,1329,1175,573,65,965
Lower Dibang Valley,12000,6324,384,5760,3950,1275,146,3499
Lohit,33599,18177,2015,16631,11372,5310,409,10143
Anjaw,6025,3181,361,1668,428,292,0,274
Mon,43607,27908,610,27341,7415,3611,415,6984
Mokokchung,37536,12799,187,36147,17742,5854,124,17475
Zunheboto,31267,13820,531,22418,6044,2181,12,5705
Wokha,38499,19865,384,22906,8170,1772,16,7900
Dimapur,49116,21954,1571,44990,62853,21747,1319,60841
Phek,38903,21163,933,29332,7295,2837,29,6828
Tuensang,40690,22379,1383,20263,9451,5094,292,8392
Longleng,12686,8385,279,8753,2451,1561,137,1855
Kiphire,16032,9170,160,5867,4290,1192,17,4088
Kohima,31845,10699,191,16623,44255,14117,840,40714
Peren,20204,10708,181,15577,4073,2488,85,3783
Senapati,38008,22690,836,27555,1826,1157,32,1782
Tamenglong,23982,13573,2014,15924,4119,2253,428,3983
Churachandpur,52972,28392,1218,43595,4853,2547,111,4794
Bishnupur,34977,12137,2063,31864,21172,6372,868,19986
Thoubal,65961,22096,3627,60486,38302,10264,1991,36042
Imphal West,51055,16899,2705,46970,85746,26152,3772,82916
Imphal East,64421,23449,2963,58558,46520,14653,1488,44426
Ukhrul,36084,25403,1876,29011,5806,3274,243,5579
Chandel,30377,17740,1245,23420,3783,1539,590,3665
Mamit,16726,8312,986,13899,4129,883,41,4075
Kolasib,9669,4554,212,9253,12507,4815,300,12081
Aizawl,20570,7117,349,20035,80341,13336,562,79778
Champhai,18395,8866,882,17456,12717,5646,190,12386
Serchhip,7472,3885,463,7203,8018,3736,769,7969
Lunglei,21479,10696,837,17290,17315,4640,138,16830
Lawngtlai,21993,10930,1143,13305,5273,1824,84,5183
Saiha,7043,2281,366,6127,5784,1660,133,5645
West Tripura,289621,119903,11584,246757,217016,69879,7812,212892
South Tripura,219171,94024,9862,181035,44906,12304,1616,44007
Dhalai,89457,42492,6440,59399,14071,5628,1266,13564
North Tripura,150437,72811,12486,122606,42184,14511,2995,40918
West Garo Hills,139351,68281,7664,78454,18594,6340,1171,17459
East Garo Hills,62698,30659,2257,49719,11518,4872,138,11137
South Garo Hills,35930,18396,1437,22779,3713,1555,100,3245
West Khasi Hills,74832,41980,6884,30531,12299,5755,565,11130
Ribhoi,57988,31255,3421,37170,5736,1955,177,5242
East Khasi Hills,106248,56205,9881,47067,108843,25578,2285,105468
Jaintia Hills,76546,35517,6429,33374,7171,1003,150,6891
Kokrajhar,204896,112692,26636,51019,17115,4244,804,15420
Dhubri,460602,295706,81065,179634,60417,24045,7370,48394
Goalpara,228610,138080,28804,141966,39504,18329,3160,33578
Barpeta,447189,282623,84071,312137,52192,17640,3862,48434
Morigaon,232206,145128,34366,132821,25275,10817,2325,22823
Nagaon,674999,400274,93149,485999,124186,54269,7326,118225
Sonitpur,483325,280811,49299,265828,64528,20778,2903,61301
Lakhimpur,293239,190018,28444,157469,34694,13079,1908,32855
Dhemaji,211758,140183,21175,85338,16504,7971,1188,15777
Tinsukia,290704,162794,14535,224714,90910,33727,4545,85909
Dibrugarh,299852,162519,17091,222490,77163,22917,3163,74385
Sivasagar,360182,217189,21971,258970,45047,16397,1756,41983
Jorhat,286330,174374,23192,168648,80824,28530,3232,76136
Golaghat,292893,187451,23138,190673,34190,13231,1435,33403
Karbi Anglong,215691,140414,9274,104610,37185,19336,1338,35139
Dima Hasao,37610,23468,1692,21475,21309,9631,703,20584
Cachar,346227,197003,42239,268672,88933,33083,5424,85197
Karimganj,261945,150880,39029,219247,32695,11802,2844,31844
Hailakandi,159215,94732,26748,130397,16202,4941,1231,15894
Bongaigaon,181923,116976,22740,89506,38470,11156,1654,35238
Chirang,129018,74185,14062,30964,11613,4587,1718,9859
Kamrup,390596,230842,48043,222639,43849,19775,3727,34509
Kamrup Metropolitan,61334,32139,6194,39683,366858,100152,14307,355852
Nalbari,210706,128530,20017,134219,28238,12227,2400,25442
Baksa,291641,187525,32663,112865,3580,1904,268,3368
Darrang,268517,154665,47796,127814,20189,6945,1736,18533
Udalguri,267790,160406,28653,111132,13835,4883,996,12423
Darjiling,303284,164379,24262,158617,215675,68368,11430,187637
Jalpaiguri,798378,461462,127740,296198,319426,118826,33539,262887
Koch Bihar,803407,463565,101229,447497,97331,32995,7689,87889
Uttar Dinajpur,683981,396024,84813,140900,94269,37707,13763,75980
Dakshin Dinajpur,390949,225186,46522,107510,70077,24036,6517,64190
Maldah,830318,489887,93825,210900,128678,62408,10680,95607
Murshidabad,1501066,842098,255181,520869,350899,170186,40704,216855
Birbhum,831044,432142,129642,155405,134565,50192,12514,82892
Barddhaman,1364868,707001,128297,629204,862368,329424,54329,616593
Nadia,1081381,582864,168695,771024,468390,192976,49649,437007
North Twenty Four Parganas,1209337,559923,238239,954166,1649803,551034,89089,1550814
Hugli,992085,451398,116073,596243,647953,218360,34341,575382
Bankura,900515,471869,105360,148584,90885,35263,8088,54894
Puruliya,653219,409568,48338,39846,99433,43253,6662,50611
Haora,483384,195287,67190,290997,869313,305998,56505,725876
South Twenty Four Parganas,1568802,782832,254145,862841,611430,235400,49525,508098
Paschim Medinipur,1364335,712182,180092,571656,201048,65943,16686,155209
Purba Medinipur,1193006,584572,215934,1021213,170707,59406,17241,141345
Garhwa,272872,170272,12552,13370,19180,8535,1304,8880
Chatra,200974,115560,9043,13264,14528,6740,595,9544
Kodarma,116714,61041,4901,8870,34771,15542,1877,17489
Giridih,452564,242574,14029,26248,46886,17347,1594,28741
Deoghar,257373,155968,13126,14155,64337,24062,2702,43942
Godda,276454,173336,25433,21839,15576,5731,654,10108
Sahibganj,223450,145465,16311,20557,37543,17457,2928,20385
Pakur,200588,120152,14241,14642,16587,7746,945,7712
Dhanbad,258764,135074,12161,31569,405455,180427,15812,240434
Bokaro,250312,125906,10262,16520,258452,94851,8270,162049
Lohardaga,96759,60474,2709,7063,14725,5330,647,10381
Purbi Singhbhum,262537,133893,15227,35705,342126,88268,7868,276095
Palamu,355529,223272,22398,26309,52375,21002,2828,30534
Latehar,146377,84898,3220,10539,14137,5739,706,7888
Hazaribagh,312983,151796,10328,29107,68765,22761,2062,50542
Ramgarh,134067,67167,5094,14747,118558,47186,4268,71134
Dumka,303697,194062,18221,18829,23281,7799,1164,14946
Jamtara,165555,103637,8112,7284,20113,6737,663,12087
Ranchi,420740,231407,12622,55537,310242,98656,12719,245401
Khunti,0,0,0,0,0,0,0,0
Gumla,216629,137126,6282,13864,16445,6314,822,11264
Simdega,144169,85924,4180,7064,11114,4445,444,5934
Pashchimi Singhbhum,336928,171496,13477,12466,63396,23773,2852,37340
Saraikela-Kharsawan,217248,116227,7820,13903,68439,25048,2326,44143
Bargarh,411566,275337,34983,50622,47395,22133,2227,25688
Jharsuguda,103224,73805,6090,9703,73962,33652,4141,39643
Sambalpur,220697,153825,17214,18979,94798,39056,4929,56404
Debagarh,91408,68556,12248,5393,7350,4579,404,3770
Sundargarh,387911,294424,22498,32584,230151,107940,10126,150748
Kendujhar,490634,343443,42194,45628,83664,40828,6442,42501
Mayurbhanj,689110,499604,59263,103366,64479,28241,5222,41266
Baleshwar,601154,373316,69733,136461,82440,34789,5935,56059
Bhadrak,373862,240393,33273,59817,54244,28586,4014,28098
Kendrapara,414749,236406,31106,65530,23494,10478,2067,13579
Jagatsinghapur,309685,177449,21987,68440,43047,24622,1592,19285
Cuttack,579529,318740,58532,129814,210768,77141,13489,164399
Jajapur,495611,286463,72359,98626,45528,19531,3186,27863
Dhenkanal,315390,206580,36269,44785,36979,15457,2810,22113
Anugul,340410,219224,40849,56848,74177,28780,4895,47473
Nayagarh,261646,168238,31920,41601,26688,12943,2028,14891
Khordha,331834,207064,28205,60725,356895,130623,18201,273381
Puri,402014,257690,45025,62714,72210,33505,4188,52929
Ganjam,795476,490013,75570,151935,219918,87747,11435,143606
Gajapati,152095,101903,8973,19316,23050,9381,1152,13069
Kandhamal,218446,150290,14417,13762,24489,11387,1567,13836
Baudh,131377,98664,6174,11823,6577,3689,355,3374
Subarnapur,176927,130925,12738,13977,16575,10177,961,6464
Balangir,476770,327064,33373,48153,62192,29168,4229,36133
Nuapada,197258,143801,9468,25051,11869,6254,771,5744
Kalahandi,456336,320804,42895,37419,38412,18360,2650,22586
Rayagada,237343,165428,13528,15664,49205,17615,2115,29769
Nabarangapur,342840,237588,15084,19884,29424,15123,1441,15712
Koraput,381789,250835,20234,31306,78339,30473,4386,50842
Malkangiri,167884,112985,12423,10073,15839,7238,1330,7555
Koriya,121852,61535,2680,10357,59763,22411,776,35439
Surguja,0,0,0,0,65167,19159,1042,39947
Jashpur,0,0,0,0,20722,7832,248,8744
Raigarh,354278,203355,17005,46056,66638,25189,1999,38183
Raigarh,354278,203355,17005,46056,377160,142566,11314,216112
Raigarh,354278,203355,17005,46056,66638,11794,733,53976
Raigarh,354278,203355,17005,46056,377160,66757,4148,305499
Raigarh,581868,333992,27929,75642,66638,25189,1999,38183
Raigarh,581868,333992,27929,75642,377160,142566,11314,216112
Raigarh,581868,333992,27929,75642,66638,11794,733,53976
Raigarh,581868,333992,27929,75642,377160,66757,4148,305499
Raigarh,354278,100260,12754,180327,66638,25189,1999,38183
Raigarh,354278,100260,12754,180327,377160,142566,11314,216112
Raigarh,354278,100260,12754,180327,66638,11794,733,53976
Raigarh,354278,100260,12754,180327,377160,66757,4148,305499
Raigarh,581868,164668,20947,296170,66638,25189,1999,38183
Raigarh,581868,164668,20947,296170,377160,142566,11314,216112
Raigarh,581868,164668,20947,296170,66638,11794,733,53976
Raigarh,581868,164668,20947,296170,377160,66757,4148,305499
Korba,206598,112389,6611,24585,126055,37438,2016,73868
Janjgir - Champa,379583,223953,21256,41754,61190,26801,2325,27168
Kabeerdham,187311,114072,11613,16857,23868,8759,1217,11814
Rajnandgaon,313604,149589,10662,58016,76528,25101,1913,40712
Durg,533448,279526,26672,74682,349741,103523,7694,218937
Raipur,673499,383894,39736,86881,395001,118895,11455,256750
Mahasamund,274793,164875,12640,41768,35774,14738,1466,17922
Dhamtari,168689,92947,7084,40822,41792,16382,1462,22400
Uttar Bastar Kanker,169191,78673,5075,25040,24878,9403,796,15150
Bastar,316425,165173,10758,43983,54894,19432,1591,33485
Narayanpur,26916,15503,1184,1103,6179,3416,135,2731
Dakshin Bastar Dantewada,106545,53379,3409,7671,31304,11050,907,15589
Bijapur,50449,28503,2118,1362,7942,4860,246,2231
Bijapur,50449,28503,2118,1362,131041,80197,4062,36822
Bijapur,50449,28503,2118,1362,7942,2199,230,4725
Bijapur,50449,28503,2118,1362,131041,36298,3800,77969
Bijapur,396449,223993,16650,10704,7942,4860,246,2231
Bijapur,396449,223993,16650,10704,131041,80197,4062,36822
Bijapur,396449,223993,16650,10704,7942,2199,230,4725
Bijapur,396449,223993,16650,10704,131041,36298,3800,77969
Bijapur,50449,21037,3430,2522,7942,4860,246,2231
Bijapur,50449,21037,3430,2522,131041,80197,4062,36822
Bijapur,50449,21037,3430,2522,7942,2199,230,4725
Bijapur,50449,21037,3430,2522,131041,36298,3800,77969
Bijapur,396449,165319,26958,19822,7942,4860,246,2231
Bijapur,396449,165319,26958,19822,131041,80197,4062,36822
Bijapur,396449,165319,26958,19822,7942,2199,230,4725
Bijapur,396449,165319,26958,19822,131041,36298,3800,77969
Sheopur,150146,90688,7957,8708,26376,10708,844,15087
Morena,319298,170824,16603,21392,95288,34017,2001,70322
Bhind,271211,139944,12475,25222,88385,35972,2209,59483
Gwalior,172720,83078,7772,29880,272172,73214,5443,236789
Datia,160453,74931,4332,18131,43401,15103,1302,27386
Shivpuri,367859,199747,15450,20600,66759,21029,1869,43860
Tikamgarh,322772,144279,9360,12588,60220,19812,1625,27219
Chhatarpur,375869,169892,9772,19545,95048,27658,1520,55032
Panna,256744,121953,7702,12837,32179,11584,740,17312
Sagar,448408,231378,21075,50221,165507,53127,4137,107083
Damoh,303387,164132,15169,17899,66514,22681,1928,37380
Satna,461831,181037,10160,105297,114173,26716,2625,69074
Rewa,523910,181796,11002,93255,94489,20598,2267,56220
Umaria,138100,65183,5800,8009,29966,8480,629,16541
Neemuch,174235,80670,4878,22999,67962,18757,951,43223
Mandsaur,302287,150236,6952,40204,81832,24140,1391,55809
Ratlam,266716,153895,9335,35739,107151,29466,1500,88721
Ujjain,300765,165119,11429,53836,188684,56793,3584,157739
Shajapur,312611,177250,13754,41889,73997,23753,1775,49355
Dewas,274995,134747,17049,59673,101014,30809,2626,78083
Dhar,412348,232976,19380,79170,103364,31732,3100,78970
Indore,200371,82953,9217,83153,587947,136991,15874,530916
Khargone (West Nimar),383543,218235,24163,49860,76620,22602,2451,56545
Barwani,250358,150715,13018,25786,48912,18293,2005,32330
Rajgarh,331894,200463,21573,25887,69823,24926,2234,42592
Vidisha,292579,132245,8777,33646,83830,25651,1760,59938
Bhopal,118893,55404,5112,25561,581826,175129,15127,488152
Sehore,270427,117906,17848,58682,59220,18535,1480,46843
Raisen,251272,116590,18091,46485,74441,27096,2977,53597
Betul,318945,145438,15309,41143,87704,26574,2631,62796
Harda,112714,47565,8678,43169,31845,8438,1401,25253
Hoshangabad,209650,92036,21384,70861,105746,30349,3595,85231
Katni,276151,128410,12150,23748,72880,20843,1749,47955
Jabalpur,272284,125795,15520,72972,352477,103628,10221,282686
Narsimhapur,230659,112792,22604,63431,53059,17880,3130,38096
Dindori,218021,111626,5886,8066,9774,3684,537,5405
Mandla,279674,120819,12025,18738,37258,10655,1490,24254
Chhindwara,413142,207810,21070,50816,140802,47168,5209,93351
Seoni,335045,151105,16417,50926,47542,13169,1663,35133
Balaghat,400074,153228,21603,46808,70793,20813,2406,44670
Guna,212765,104680,6170,15744,72320,24299,2386,43102
Ashoknagar,169606,74626,4579,11872,37135,14037,631,20907
Shahdol,233594,103248,6774,17753,57846,16891,1561,36847
Anuppur,0,0,0,0,0,0,0,0
Sidhi,250953,95864,4768,10289,25916,6945,388,12698
Singrauli,228732,101557,4345,5032,58593,15878,1523,30526
Jhabua,211080,132136,10765,12242,24713,6301,444,18979
Alirajpur,135866,84372,5434,6793,14662,4369,381,11040
Khandwa (East Nimar),265663,139207,21253,46225,63425,19725,2790,43953
Burhanpur,115979,56133,7422,21456,62861,26213,2451,43122
Kachchh,488293,124026,5371,240240,250982,53710,2509,220613
Banas Kantha,666773,258707,26670,114018,137424,32706,2061,107190
Patan,301483,112453,11456,108232,102655,26177,1539,84587
Mahesana,476005,156129,12376,211346,183738,40054,2388,156177
Sabar Kantha,544024,223593,11424,169191,121509,32928,1944,93197
Gandhinagar,237624,86970,5465,101703,195634,47734,2543,158072
Ahmadabad,353169,143033,7063,116192,1845383,441046,11072,1699597
Surendranagar,340788,124046,7838,70883,159810,38034,2237,111867
Rajkot,459474,130490,6892,202168,721532,158015,7936,624125
Jamnagar,347158,104494,5554,120810,299167,68808,2991,250701
Porbandar,96015,29188,2208,37541,87557,21539,1138,67769
Junagadh,489237,159980,8317,225049,287506,68713,4025,246392
Amreli,313714,90663,5333,163444,116899,28874,1168,91648
Bhavnagar,387251,128567,5808,124307,356826,91704,3925,291170
Anand,413078,170601,8674,170601,208909,54525,2715,173394
Kheda,461479,194744,11536,117215,160547,40136,2408,126029
Panch Mahals,463363,233534,12047,78771,104238,25434,1146,87664
Dohad,323697,192599,6797,19745,52807,12462,580,37915
Vadodara,547454,251828,10949,156024,692971,137901,5543,636840
Narmada,138121,60635,1795,22099,22248,7497,422,16619
Bharuch,300677,114858,4510,137710,181319,36626,1087,162099
The Dangs,52102,18913,573,13181,7516,2014,52,4344
Navsari,267739,92369,3748,119143,141417,28283,1272,121194
Valsad,262410,104176,3411,72425,235981,58051,2123,179345
Surat,369840,114280,4438,184550,1529998,302939,7649,1435138
Tapi,192272,69794,1922,44222,26217,7812,209,20318
Diu,9788,1243,29,4238,9062,969,18,6769
Daman,10006,2641,90,5733,61073,22658,366,53011
Nandurbar,333440,163052,13004,74357,71572,20899,2361,45448
Dhule,382777,143158,13014,71579,146013,33144,2336,95346
Jalgaon,796223,309730,43792,179946,373565,101236,6350,242443
Buldana,575405,269864,38552,167442,152787,52558,5347,93047
Akola,308158,146375,21879,95220,196077,66274,7254,141763
Washim,274925,127290,18419,75604,55921,19963,1453,37634
Amravati,508921,226978,33588,209166,272894,85415,7913,214494
Wardha,268486,117328,25506,126725,120218,28852,4448,94250
Nagpur,430844,168029,35760,198619,877522,207972,24570,789769
Bhandara,283843,123755,22991,158384,72575,18143,2467,61180
Gondiya,319702,128839,16624,151858,66813,18039,2204,51646
Gadchiroli,293586,125067,25541,65176,37254,10058,1490,24550
Chandrapur,451324,186396,50548,131335,233331,58799,7933,167298
Yavatmal,629243,295114,50968,137174,168889,49484,6586,115182
Nanded,591119,302652,46107,113494,230563,80697,9222,168772
Hingoli,242456,113226,14547,65220,41913,16220,1299,27536
Parbhani,293480,138816,24358,39032,133759,47885,5885,89484
Jalna,404746,165945,27927,118185,98084,35800,3040,68854
Nashik,904661,312108,50661,265065,764271,185717,19106,528111
Thane,713994,262749,41411,283455,2904157,630202,31945,2163596
Pune,1165718,278606,57120,720413,2056739,429858,26737,1655674
Ahmadnagar,1041393,318666,77063,407184,282011,65144,7050,207560
Bid,563114,230876,45049,86719,135457,41720,3928,93600
Latur,428616,171875,24431,106296,157016,48046,4082,122315
Osmanabad,367158,140254,22763,81509,77832,24594,2179,44986
Solapur,779929,230858,60834,250357,376302,115901,7149,229167
Satara,774522,215317,41049,542939,200949,41596,5425,151515
Ratnagiri,538538,154560,22080,361897,100824,16736,1915,82675
Sindhudurg,295847,81653,13608,220110,44989,10707,1349,39050
Kolhapur,796496,193548,15929,592593,382818,84985,4593,285965
Sangli,626872,171762,31970,379257,226801,57380,5443,175997
Adilabad,597466,213295,38835,82450,220248,51758,6166,155715
Nizamabad,565165,179722,24302,166158,155133,39403,3412,132638
Karimnagar,877236,284224,44739,300014,288044,60489,5184,243109
Medak,593653,205403,26120,188781,195479,37922,2345,165375
Rangareddy,432098,110184,9506,187962,1129224,182934,7904,1084055
Mahbubnagar,848963,261480,52635,151964,161052,30599,2737,125781
Nalgonda,833504,285058,49176,265887,197433,47976,3356,160315
Warangal,758738,294390,64492,225345,288249,68315,8359,237517
Khammam,669262,226879,34801,250303,201363,45508,4429,171964
Srikakulam,752752,241633,26346,96352,149684,32032,2544,98641
Vizianagaram,592458,183069,19551,63393,157056,31411,2984,104285
Visakhapatnam,718847,213497,23003,153833,660493,112283,7265,551511
East Godavari,1199479,364641,46779,563755,406362,84929,6908,354754
West Godavari,1007255,302176,48348,593273,248373,52406,5464,220306
Krishna,909292,280061,40008,511022,567042,113975,9639,527349
Guntur,1069877,331661,44934,497492,513113,112371,9749,442816
Prakasam,873486,260298,36686,244576,214089,45386,4281,165704
Sri Potti Sriramulu Nellore,689137,192269,29632,175729,264376,43886,5023,208328
Y.S.R.,590589,129338,15355,167727,293504,54591,3228,232161
Kurnool,783853,211640,25867,216343,306982,64466,4297,223175
Anantapur,902997,195950,26186,198659,341431,71359,4438,260170
Chittoor,0,0,0,0,395900,58197,4750,322658
Belgaum,962777,370669,45250,178113,356198,90830,6767,257887
Bagalkot,324799,139338,16889,23385,165858,54567,6136,70489
Bidar,287134,162804,14356,25267,102269,30680,3068,69645
Raichur,330446,142752,23461,33044,125402,38749,4514,63202
Koppal,272968,107549,14194,32756,64681,17269,2393,31305
Gadag,180066,75267,9183,16566,111906,39950,3804,47336
Dharwad,199707,80681,7788,46132,283397,82185,5667,232385
Uttara Kannada,334281,160789,21393,169146,140511,52410,4496,113251
Haveri,315076,141469,15753,88851,98488,29447,2856,68646
Bellary,371604,148269,20066,44964,251876,72540,7556,159941
Chitradurga,349704,157366,20632,66793,97644,30953,1952,72158
Davanagere,354680,163507,20571,105694,176011,54035,4928,142392
Shimoga,352444,161419,25728,217810,201662,64935,6453,176857
Udupi,269817,93086,11332,225567,115572,28893,2427,110949
Chikmagalur,311660,141805,17141,168608,80766,24633,2342,72204
Tumkur,685443,280346,39755,125436,204799,57138,5119,168959
Bangalore,300576,86565,7514,224830,2967384,590509,32641,2872427
Mandya,458867,202819,20649,126188,103435,31961,3206,88850
Hassan,496103,241602,30758,132459,132878,39464,3189,119457
Dakshina Kannada,332919,135830,12318,293301,317373,83469,5077,309756
Kodagu,181182,72472,8334,142771,31792,10618,1017,30838
Mysore,540596,259486,28651,145960,380386,108410,8368,358323
Chamarajanagar,262680,124773,18387,40452,57200,21392,2574,36779
Gulbarga,400704,173905,14826,18031,199303,57399,2989,135924
Yadgir,207787,106386,11428,8934,55208,18991,1601,22193
Kolar,326567,133565,16654,83274,151042,47729,2416,121135
Chikkaballapura,315649,120893,15466,72599,94053,26240,1504,79286
Bangalore Rural,231052,84333,8548,174444,95410,27764,1621,87109
Ramanagara,266950,116123,18152,74746,84834,29013,2714,75078
North Goa,115859,26647,2085,79595,209230,41009,2301,178473
South Goa,88620,20737,1772,65401,162873,39741,2443,138767
Kasaragod,251641,80273,19124,223457,166164,30740,4486,160514
Kannur,306288,95255,18989,294955,566191,109841,11890,557698
Wayanad,266183,94228,23956,244089,11805,4722,649,11250
Kozhikode,323793,87747,21370,314079,666543,128642,23995,654545
Malappuram,634543,175133,26650,612333,522586,111310,13064,514747
Palakkad,665899,235728,35958,587322,228442,64192,7538,216791
Thrissur,336748,118535,17174,326308,715119,203808,29319,702961
Ernakulam,369694,109429,18484,358233,804997,179514,24954,791312
Idukki,391610,172700,32503,347358,20823,4893,291,20677
Kottayam,481967,168688,22170,462688,196194,51991,5101,192662
Alappuzha,331419,99094,25519,301259,392117,104695,25487,371334
Pathanamthitta,414992,125327,20334,388847,57848,13709,1619,55534
Kollam,523715,156590,39278,487054,401415,97945,22077,386964
Thiruvananthapuram,559293,191278,57047,513990,609824,157944,37199,587260
Thiruvallur,387237,125464,12778,109588,732196,132527,7321,650190
Kancheepuram,438799,139099,10092,128568,774705,136348,6197,663147
Vellore,653499,181672,15030,125471,486801,102228,7302,346602
Tiruvannamalai,563102,163299,12951,70387,147061,27500,1911,95736
Viluppuram,808042,290895,16160,106661,159272,37906,2389,104482
Salem,572813,184445,13174,83630,597539,145799,7768,328048
Namakkal,370357,94070,6666,115551,257127,62481,3085,140391
Erode,411286,117627,8225,138603,432398,102910,4756,275869
The Nilgiris,112126,38795,2354,47429,151979,55320,2887,89515
Dindigul,443818,139802,7988,83881,269724,69858,3776,154821
Karur,212241,61549,4669,48815,152420,30636,1371,102273
Tiruchirappalli,452707,134906,10864,108649,423020,90526,5076,313880
Perambalur,155413,46934,3419,24244,33179,5607,298,18314
Ariyalur,223955,84878,7614,31801,30322,8399,606,15555
Cuddalore,497429,193499,11938,98988,260780,68845,3911,178895
Nagapattinam,399016,178360,12768,124492,118724,36804,2849,82750
Thiruvarur,321331,143956,13174,101219,86848,24230,1476,63225
Thanjavur,479070,206479,21558,137972,274302,78724,5486,205177
Pudukkottai,399712,157886,16787,70749,104229,26161,1667,72230
Sivaganga,309224,98024,9276,73904,143193,31502,2004,112406
Madurai,417718,134087,8772,86467,592723,102541,4741,502629
Theni,189328,66643,3975,46953,221295,66167,2876,115073
Virudhunagar,363782,98221,6184,53112,370942,71591,3338,173971
Ramanathapuram,290478,99924,8714,65357,126761,31817,2028,89493
Thoothukkudi,336078,112586,6721,94773,300661,69753,3908,219783
Tirunelveli,547962,166032,8767,181923,516705,129692,5683,325007
Kanniyakumari,104253,37114,2814,86634,493788,162950,14813,436508
Dharmapuri,396819,131347,9920,42459,91107,20954,1457,53753
Krishnagiri,437988,143222,9635,84093,142552,26087,855,111618
Coimbatore,284795,78033,4556,94836,884957,213274,7079,689381
Tiruppur,356886,98500,6067,110277,538022,126973,3766,403516
Karaikal,35618,13107,747,16954,33715,7080,404,25083
South Andaman,34901,11691,1221,22580,50631,10835,607,44454
